ruta,provincia,tipo,licencia,costo_dop,horario,dias,vehiculos,origen,destino,federacion,actualizado
A-11,SANTO DOMINGO,AUTOBUS,Urbano,45,5:30 a.m. a 10:30 p.m.,7,24,N/A,N/A,SINDICATO NACIONAL DE CHOFERES Y COBRADORES UNIFICADOS DE LOS FARALLONES (SINACHOCOUNFA),18/7/2025
A-20A,SANTO DOMINGO,AUTOBUS,Urbano,45,5:30 a.m. a 10:30 p.m.,7,14,N/A,N/A,ASOCIACIÓN DE PROPIETARIOS Y COBRADORES DE INVIVIENDA SANTO DOMINGO (ASOPROCHOCOIN),18/7/2025
A-20B,SANTO DOMINGO,AUTOBUS,Urbano,45,5:30 a.m. a 10:30 p.m.,7,26,N/A,N/A,ASOCIACIÓN DE PROPIETARIOS Y COBRADORES DE INVIVIENDA SANTO DOMINGO (ASOPROCHOCOIN),18/7/2025
A-31 (Inactiva),SANTO DOMINGO,AUTOBUS,Urbano,35,5:30 a.m. a 10:30 p.m.,7,38,N/A,N/A,CARIBE TOURS (CARIBE TOURS),18/7/2025
A-69,SANTO DOMINGO,AUTOBUS,Urbano,45,5:30 a.m. a 10:30 p.m.,7,19,N/A,N/A,COOPERATIVA DE SERVICIOS NUEVA IMAGEN (RUTA 69),18/7/2025
ASOPROGCHOCO,DISTRITO NACIONAL,AUTOBUS,Interurbano,500,06:00AM / 06:00PM,7,0,DISTRITO NACIONAL,ELIAS PIÑA,FENATRANO,18/7/2025
ASOTOURSD,DISTRITO NACIONAL,AUTOBUS,Interurbano,700,N/A,7,1,DISTRITO NACIONAL,JIMANI (FRONTERA CON HAITI),NO AFILIADO-S,18/7/2025
CAMINADO TOURS SRL,DISTRITO NACIONAL,AUTOBUS,Interurbano,500,08:00AM / 10:00AM,7,1,SANTO DOMINGO,HAITI (FRONTERA CON ELIAS PIÑA),NO AFILIADO-S,18/7/2025
CARIBE TOURS S. A,DISTRITO NACIONAL,AUTOBUS,Interurbano,450,06:15AM / 10:00AM / 01:45PM,7,6,SANTO DOMINGO,BARAHONA,NO AFILIADO-S,18/7/2025
CARIBE TOURS S. A,DISTRITO NACIONAL,AUTOBUS,Interurbano,350,10:30AM / 08:00PM,7,6,SANTO DOMINGO (TERMINAL LAS AMÉRICAS)-LA VEGA,SANTIAGO,NO AFILIADO-S,18/7/2025
CARIBE TOURS S. A,DISTRITO NACIONAL,AUTOBUS,Interurbano,500,08:00AM/10:00AM/12:00PM/03:00PM,7,4,SANTO DOMINGO,RIO SAN JUAN (AUTOVÍA DEL NORDESTE),NO AFILIADO-S,18/7/2025
CARIBE TOURS S. A,DISTRITO NACIONAL,AUTOBUS,Interurbano,1725,08:00 / 10:00PM,7,4,SANTO DOMINGO,HAITI) (FRONTERA CON JIMANÍ),NO AFILIADO-S,18/7/2025
CARIBE TOURS S. A,DISTRITO NACIONAL,AUTOBUS,Interurbano,550,06:30AM / 06:20PM,7,14,SANTO DOMINGO,"PUERTO PLATA-SOSUA, POR LA CIRCUNVALACION NORTE",NO AFILIADO-S,18/7/2025
CARIBE TOURS S. A,DISTRITO NACIONAL,AUTOBUS,Interurbano,500,06:30AM / 05:50PM,7,14,SANTO DOMINGO,SANTIAGO DE LOS CABALLEROS - PUERTO PLATA-SOSUA,NO AFILIADO-S,18/7/2025
CARIBE TOURS S. A,DISTRITO NACIONAL,AUTOBUS,Interurbano,500,07:15AM / 12:30PM,7,2,SANTO DOMINGO,MANZANILLO (POR CASTAÑUELA),NO AFILIADO-S,18/7/2025
CARIBE TOURS S. A,DISTRITO NACIONAL,AUTOBUS,Interurbano,500,07:15AM / 12:30PM,7,2,SANTO DOMINGO,MANZANILLO (GUAYUBÍN),NO AFILIADO-S,18/7/2025
CARIBE TOURS S. A,DISTRITO NACIONAL,AUTOBUS,Interurbano,450,06:30AM/10:15AM/02:00PM/06:15PM,7,6,SANTO DOMINGO,SAN JUAN DE LA MAGUANA,NO AFILIADO-S,18/7/2025
CARIBE TOURS S. A,DISTRITO NACIONAL,AUTOBUS,Interurbano,500,06:00AM/04:30PM,7,8,SANTO DOMINGO,DAJABÓN,NO AFILIADO-S,18/7/2025
CARIBE TOURS S. A,DISTRITO NACIONAL,AUTOBUS,Interurbano,500,06:45AM/07:45AM/01:30PM,7,3,SANTO DOMINGO,LOMA DE CABRERA,NO AFILIADO-S,18/7/2025
CARIBE TOURS S. A,DISTRITO NACIONAL,AUTOBUS,Interurbano,500,06:45AM/07:45AM/01:30PM/03:00PM,7,2,SANTO DOMINGO,SANTIAGO RODRIGUEZ,NO AFILIADO-S,18/7/2025
CARIBE TOURS S. A,DISTRITO NACIONAL,AUTOBUS,Interurbano,1725,09:00AM / 06:30PM,7,3,SANTO DOMINGO,HAITI (FRONTERA CON DAJABON),NO AFILIADO-S,18/7/2025
CARIBE TOURS S. A,DISTRITO NACIONAL,AUTOBUS,Interurbano,1725,08:00AM / 10:00AM,7,4,SANTO DOMINGO,HAITI (FRONTERA CON ELIAS PIÑA),NO AFILIADO-S,18/7/2025
CARIBE TOURS S. A,DISTRITO NACIONAL,AUTOBUS,Interurbano,350,07:00AM/10:30PM/02:00PM/05:45PM,7,2,SANTO DOMINGO,TENARES,NO AFILIADO-S,18/7/2025
CARIBE TOURS S. A,DISTRITO NACIONAL,AUTOBUS,Interurbano,350,11:00AM/02:00PM/05:00PM/06:00PM/07:00PM,7,3,SANTO DOMINGO,SAN FRANCISCO DE MACORIS,NO AFILIADO-S,18/7/2025
CARIBE TOURS S. A,DISTRITO NACIONAL,AUTOBUS,Interurbano,450,07:00AM/09:30AM/01:00PM/04:00PM,7,4,SANTO DOMINGO,SAMANA (AUTOPISTA DUARTE),NO AFILIADO-S,18/7/2025
CARIBE TOURS S. A,DISTRITO NACIONAL,AUTOBUS,Interurbano,450,07:00AM/09:30AM/01:00PM/04:00PM,7,4,SANTO DOMINGO,SAMANA (AUTOVIA),NO AFILIADO-S,18/7/2025
CARIBE TOURS S. A,DISTRITO NACIONAL,AUTOBUS,Interurbano,500,08:00AM/10:00AM/12:00PM/03:00PM,7,4,SANTO DOMINGO,RIO SAN JUAN(AUTOPISTA DUARTE),NO AFILIADO-S,18/7/2025
CARIBE TOURS S. A,DISTRITO NACIONAL,AUTOBUS,Interurbano,350,10:30AM / 03:00PM,7,3,SANTO DOMINGO,SANTIAGO DE LOS CABALLEROS,NO AFILIADO-S,18/7/2025
CARIBE TOURS S. A,DISTRITO NACIONAL,AUTOBUS,Interurbano,350,07:00AM / 04:45PM,7,1,SANTO DOMINGO,CASTILLO,NO AFILIADO-S,18/7/2025
CARIBE TOURS S. A,DISTRITO NACIONAL,AUTOBUS,Interurbano,450,06:30AM/10:00AM/01:45PM/05:15PM,7,2,SANTO DOMINGO,CONSTANZA,NO AFILIADO-S,18/7/2025
CARIBE TOURS S. A,DISTRITO NACIONAL,AUTOBUS,Interurbano,450,06:00AM/07:30AM/09:00AM/10:30AM/12:30PM/02:00PM/03:30PM/05:00PM,7,4,SANTO DOMINGO,JARABACOA,NO AFILIADO-S,18/7/2025
HP TRANSPORTE HERMANO PAULINO SRL,DISTRITO NACIONAL,AUTOBUS,Interurbano,500,05:00AM / 04:30PM,7,2,SANTO DOMINGO,HAITI (FRONTERA CON ELIAS PIÑA),NO AFILIADO-S,18/7/2025
METRO TOURS,DISTRITO NACIONAL,AUTOBUS,Interurbano,550,06:00AM / 06:30PM,7,4,DISTRITO NACIONAL,PUERTO PLATA,NO AFILIADO-S,18/7/2025
METRO TOURS,DISTRITO NACIONAL,AUTOBUS,Interurbano,575,06:30AM / 05:50PM,7,3,DISTRITO NACIONAL,SOSUA,NO AFILIADO-S,18/7/2025
METRO TOURS,DISTRITO NACIONAL,AUTOBUS,Interurbano,450,06:00AM / 09:15PM,7,6,DISTRITO NACIONAL,SANTIAGO DE LOS CABALLEROS,NO AFILIADO-S,18/7/2025
"METRO TOURS
TERRA BUS",DISTRITO NACIONAL,AUTOBUS,Interurbano,0,INACTIVA,7,4,DISTRITO NACIONAL,JIMANI (FRONTERA CON HAITI),NO AFILIADO-S,18/7/2025
N/A,SANTO DOMINGO,AUTOBUS,Urbano,35,5:30 a.m. a 11:30 p.m.,7,30,N/A,N/A,CORREDOR NUÑEZ DE CACERES (CNC),18/7/2025
N/A,SANTO DOMINGO,AUTOBUS,Urbano,35,5:30 a.m. a 11:30 p.m.,7,47,N/A,N/A,CORREDOR WINSTON CHURCHILL (CWC),18/7/2025
N/A,SANTO DOMINGO,AUTOBUS,Urbano,35,5:30 a.m. a 11:30 p.m.,7,94,N/A,N/A,CORREDOR CHARLES DE GAULLE (CCH),18/7/2025
TITI TOURS SRL,DISTRITO NACIONAL,AUTOBUS,Interurbano,500,08:00AM / 10:00AM,7,2,SANTO DOMINGO,HAITI (FRONTERA CON ELIAS PIÑA),NO AFILIADO-S,18/7/2025
TRANSPORTE CIBAO,DISTRITO NACIONAL,AUTOBUS,Interurbano,500,06:30AM / 05:50PM,7,10,DISTRITO NACIONAL,PUERTO PLATA-SOSUA,NO AFILIADO-S,18/7/2025
TRANSPORTE CIBAO,DISTRITO NACIONAL,AUTOBUS,Interurbano,500,04:30AM / 01:30PM,7,2,DISTRITO NACIONAL,LUPERON,NO AFILIADO-S,18/7/2025
TRANSPORTE CIBAO,DISTRITO NACIONAL,AUTOBUS,Interurbano,600,N/A,7,2,DISTRITO NACIONAL,DAJABON,NO AFILIADO-S,18/7/2025
TRANSPORTE CIBAO,DISTRITO NACIONAL,AUTOBUS,Interurbano,600,N/A,7,4,DISTRITO NACIONAL,LOMA DE CABRERA (POR SANTIAGO RODRIGUEZ),NO AFILIADO-S,18/7/2025
TRANSPORTE CIBAO,DISTRITO NACIONAL,AUTOBUS,Interurbano,600,N/A,7,4,DISTRITO NACIONAL,LOMA DE CABRERA (POR MONTECRISTI),NO AFILIADO-S,18/7/2025
TRANSPORTE CIBAO,DISTRITO NACIONAL,AUTOBUS,Interurbano,650,N/A,7,4,DISTRITO NACIONAL,RESTAURACION,NO AFILIADO-S,18/7/2025
"TRASPORTE RAMOS MERCADO, S.R.L",DISTRITO NACIONAL,AUTOBUS,Interurbano,500,04:50AM / 07:00PM,7,2,SANTO DOMINGO,CABARETE,NO AFILIADO-S,18/7/2025
UNAPRODUMI,DISTRITO NACIONAL,AUTOBUS,Interurbano,300,06:00AM / 06:00PM,7,0,DISTRITO NACIONAL,MOCA,CONATRA,18/7/2025
UNAPRODUMI,DISTRITO NACIONAL,AUTOBUS,Interurbano,400,06:00AM / 06:00PM,7,1,DISTRITO NACIONAL,NAGUA,CONATRA,18/7/2025
UNAPRODUMI,DISTRITO NACIONAL,AUTOBUS,Interurbano,400,N/A,7,1,DISTRITO NACIONAL,NAGUA (AUTOVIA),CONATRA,18/7/2025
UNAPRODUMI,DISTRITO NACIONAL,AUTOBUS,Interurbano,300,05:00AM / 08:00PM,7,6,DISTRITO NACIONAL,COTUI,CONATRA,18/7/2025
UNAPRODUMI,DISTRITO NACIONAL,AUTOBUS,Interurbano,300,06:30AM / 07:00PM,7,0,DISTRITO NACIONAL,SAN FRANCISCO DE MACORIS,CONATRA,18/7/2025
UNAPRODUMI,DISTRITO NACIONAL,AUTOBUS,Interurbano,300,N/A,7,0,DISTRITO NACIONAL,SALCEDO,CONATRA,18/7/2025
C-1,SANTO DOMINGO,CARRO,Urbano,40,5:30 a.m. a 10:30 p.m.,7,410,N/A,N/A,ASOCIACIÓN DE CHOFERES DE LA AVENIDA INDEPENDENCIA (ASOCHOCAINDE),18/7/2025
C-10,SANTO DOMINGO,CARRO,Urbano,35,5:30 a.m. a 10:30 p.m.,7,69,N/A,N/A,ASOCIACIÓN DE CHOFERES Y DUEÑOS DE CARROS DE SAN LUIS (ASOCHODUCASAL),18/7/2025
C-101 E,SANTO DOMINGO,CARRO,Urbano,40,5:30 a.m. a 10:30 p.m.,7,150,N/A,N/A,ASOCIACIÓN DE TRANSPORTISTAS DE PASAJEROS (ASOTRAPA),18/7/2025
C-103,SANTO DOMINGO,CARRO,Urbano,35,5:30 a.m. a 10:30 p.m.,7,253,N/A,N/A,SINDICATO DE CHOFERES DE LAS AMÉRICAS (SICHOAMERICA),18/7/2025
C-104,SANTO DOMINGO,CARRO,Urbano,35,5:30 a.m. a 10:30 p.m.,7,210,N/A,N/A,SINDICATO NACIONAL DE CHOFERES DE CARGA LIVIANA (SINACHOCAL),18/7/2025
C-105,SANTO DOMINGO,CARRO,Urbano,35,5:30 a.m. a 10:30 p.m.,7,31,N/A,N/A,ASOCIACIÓN DE DUEÑOS DE CARROS DE ZONA FRANCA (RUTA 105),18/7/2025
C-106,SANTO DOMINGO,CARRO,Urbano,35,5:30 a.m. a 10:30 p.m.,7,61,N/A,N/A,SINDICATO DE CHOFERES DE VILLA MELLA -PARAISO (SICHOVMELLA),18/7/2025
C-107,SANTO DOMINGO,CARRO,Urbano,35,5:30 a.m. a 10:30 p.m.,7,329,N/A,N/A,"COMPAÑIA DE TRANSPORTE URBANO SAN FELIPE, S.R.L.  (CONTRAUSAFE)",18/7/2025
C-108,SANTO DOMINGO,CARRO,Urbano,35,5:30 a.m. a 10:30 p.m.,7,50,N/A,N/A,ASOCIACIÓN DE CHOFERES PARQUE INDEPENDENCIA-DUARTE-PARÍS (ASOCHOPIDUPA),18/7/2025
C-109,SANTO DOMINGO,CARRO,Urbano,50,5:30 a.m. a 10:30 p.m.,7,79,N/A,N/A,ASOCIACIÓN DE DUEÑOS DE CARROS DE SERVICIOS VALIENTE Y ZONAS ALEDAÑAS. (ADECASVAZA),18/7/2025
C-11,SANTO DOMINGO,CARRO,Urbano,35,5:30 a.m. a 10:30 p.m.,7,164,N/A,N/A,ASOCIACIÓN DE CHOFERES DE LA MÁXIMO GÓMEZ (ASOCHOMAXI),18/7/2025
C-110,SANTO DOMINGO,CARRO,Urbano,35,5:30 a.m. a 10:30 p.m.,7,56,N/A,N/A,ASOCIACIÓN DE CHOFERES DEL PARQUE INDEPENDENCIA (ASOCHOPAIN),18/7/2025
C-111,SANTO DOMINGO,CARRO,Urbano,35,5:30 a.m. a 10:30 p.m.,7,47,N/A,N/A,SINDICATO DE CHOFERES SOCIAL CRISTIANO (SICHOSOCRI),18/7/2025
C-112,SANTO DOMINGO,CARRO,Urbano,40,5:30 a.m. a 10:30 p.m.,7,135,N/A,N/A,"COMPAÑIA DE TRANSPORTE ANGELES PERALEJOS, S A (COTRAAP)",18/7/2025
C-113,SANTO DOMINGO,CARRO,Urbano,35,5:30 a.m. a 10:30 p.m.,7,206,N/A,N/A,FEDERACION DE TRANSPORTISTA AMIGOS DE PEÑA GÓMEZ (FENATRAPEGO B),18/7/2025
C-114,SANTO DOMINGO,CARRO,Urbano,35,5:30 a.m. a 10:30 p.m.,7,164,N/A,N/A,UNIÓN DE PROPIETARIOS DE CARROS (UNION PROPIETARIO 114),18/7/2025
C-116,SANTO DOMINGO,CARRO,Urbano,35,5:30 a.m. a 10:30 p.m.,7,30,N/A,N/A,COMPAÑIA DE TRANSPORTE DE PROPIEDADES DE CARROS DE SAN ISIDRO (COMTRAPROCASI),18/7/2025
C-117,SANTO DOMINGO,CARRO,Urbano,35,5:30 a.m. a 10:30 p.m.,7,30,N/A,N/A,SINDICATO DE CHOFERES DE SAN ISIDRO (SICHOSI),18/7/2025
C-118,SANTO DOMINGO,CARRO,Urbano,35,5:30 a.m. a 10:30 p.m.,7,137,N/A,N/A,"COMPAÑIA DE TRANSPORTE LOS SENCILLOS, SRL (COMTRANSEN)",18/7/2025
C-12,SANTO DOMINGO,CARRO,Urbano,35,5:30 a.m. a 10:30 p.m.,7,99,N/A,N/A,ASOCIACIÓN DE CHOFERES DE LOS MAMEYES (ASOCHOMEYES),18/7/2025
C-121,SANTO DOMINGO,CARRO,Urbano,40,5:30 a.m. a 10:30 p.m.,7,50,N/A,N/A,SINDICATO DE CHOFERES DE VILLA LIBERACION (SICHOVIL),18/7/2025
C-13,SANTO DOMINGO,CARRO,Urbano,35,5:30 a.m. a 10:30 p.m.,7,121,N/A,N/A,"COMPAÑIA DE TRANSPORTE CONTRADUSAV,SRL (CONTRADUSAV)",18/7/2025
C-15,SANTO DOMINGO,CARRO,Urbano,40,5:30 a.m. a 10:30 p.m.,7,220,N/A,N/A,ASOCIACIÓN DE CHOFERES PINTURA-CAOBA - CRUCE DE MANOGUAYABO (ASOCHOPICMA),18/7/2025
C-17,SANTO DOMINGO,CARRO,Urbano,35,5:30 a.m. a 10:30 p.m.,7,63,N/A,N/A,ASOCIACIÓN DE CHOFERES DE SABANA LARGA-LA UREÑA (ASOCHOSAUR),18/7/2025
C-18,SANTO DOMINGO,CARRO,Urbano,35,5:30 a.m. a 10:30 p.m.,7,296,N/A,N/A,SERVICIO DE TRANSPORTE CABRERA-SILVERIO (SERTRACASI ),18/7/2025
C-19,SANTO DOMINGO,CARRO,Urbano,35,5:30 a.m. a 10:30 p.m.,7,99,N/A,N/A,ASOCIACIÓN DE CHOFERES UNIFICADOS DE LA BARTOLOMÉ COLÓN-DR. DELGADO (ASOCHOU),18/7/2025
C-1A,SANTO DOMINGO,CARRO,Urbano,35,5:30 a.m. a 10:30 p.m.,7,36,N/A,N/A,ASOCIACIÓN DE CHOFERES DE MANOGUAYABO (ASOCHOMA),18/7/2025
C-2,SANTO DOMINGO,CARRO,Urbano,35,5:30 a.m. a 10:30 p.m.,7,392,N/A,N/A,ASOCIACIÓN DE CHOFERES DE LA AVENIDA INDEPENDENCIA (ASOCHOCAINDE),18/7/2025
C-21,SANTO DOMINGO,CARRO,Urbano,35,5:30 a.m. a 10:30 p.m.,7,111,N/A,N/A,COMPAÑIA DE TRANSPORTE MIPROGASETT (MIPROGASETT),18/7/2025
C-22-28,SANTO DOMINGO,CARRO,Urbano,60,5:30 a.m. a 10:30 p.m.,7,298,N/A,N/A,COMPAÑIA DE TRANSPORTE DE PEDRO BRAND. (COTRABRAND),18/7/2025
C-23,SANTO DOMINGO,CARRO,Urbano,40,5:30 a.m. a 10:30 p.m.,7,95,N/A,N/A,"COOPERATIVA DE AHORROS, CREDITOS Y SERVICIOS MULTIPLES PROFESOR SIMON OROZCO. (COOP-RUTA 23)",18/7/2025
C-24,SANTO DOMINGO,CARRO,Urbano,40,5:30 a.m. a 10:30 p.m.,7,293,N/A,N/A,SINDICATO DE CHOFERES DE VEHÍCULOS PÚBLICOS DEL DISTRITO NACIONAL (SICHOVEPO),18/7/2025
C-25,SANTO DOMINGO,CARRO,Urbano,35,5:30 a.m. a 10:30 p.m.,7,321,N/A,N/A,ASOCIACIÓN DE CHOFERES DE LA 25 DE FEBRERO (ASOCHOCAFBERO),18/7/2025
C-26,SANTO DOMINGO,CARRO,Urbano,35,5:30 a.m. a 10:30 p.m.,7,156,N/A,N/A,ASOCIACIÓN DE CHOFERES DE VILLA JUANA Y VILLA CONSUELO (ASOCHOVIJUCO),18/7/2025
C-28,SANTO DOMINGO,CARRO,Urbano,35,5:30 a.m. a 10:30 p.m.,7,663,N/A,N/A,ASOCIACIÓN DE CHOFERES PROPIETARIOS DE CARROS DE LA 27 DE FEBRERO (ASOPROCAVEFE),18/7/2025
C-29,SANTO DOMINGO,CARRO,Urbano,35,5:30 a.m. a 10:30 p.m.,7,339,N/A,N/A,"COMPAÑIA DE TRANSPORTE COMTRAPROCHOAL,S.R.L. (COMTRAPROCHOALR29, S.R.L.)",18/7/2025
C-2E,SANTO DOMINGO,CARRO,Urbano,35,5:30 a.m. a 10:30 p.m.,7,388,N/A,N/A,ASOCIACIÓN DE CHOFERES DE VILLA MELLA (ASOCHOVIM 002E(RC)),18/7/2025
C-3,SANTO DOMINGO,CARRO,Urbano,35,5:30 a.m. a 10:30 p.m.,7,56,N/A,N/A,COMPAÑIA DE TRANSPORTE ADOCHOUDIS (ADOCHOUDIS),18/7/2025
C-30,SANTO DOMINGO,CARRO,Urbano,35,5:30 a.m. a 10:30 p.m.,7,59,N/A,N/A,ASOCIACIÓN DE CHOFERES DE LA AUTOPISTA DE SAN ISIDRO (ASOCHOASI),18/7/2025
C-31,SANTO DOMINGO,CARRO,Urbano,35,5:30 a.m. a 10:30 p.m.,7,88,N/A,N/A,COMPAÑIA DE TRANSPORTE SICHOCABRAZO (SICHOCABRAZO),18/7/2025
C-32,SANTO DOMINGO,CARRO,Urbano,40,5:30 a.m. a 10:30 p.m.,7,223,N/A,N/A,COMPAÑIA DE TRANSPORTE ASOCHOCRUSA S.R.L. (ASOCHOCRUSA),18/7/2025
C-33,SANTO DOMINGO,CARRO,Urbano,40,5:30 a.m. a 10:30 p.m.,7,256,N/A,N/A,ASOCIACIÓN DE CHOFERES DE LOS GIRASOLES-KM9 AUTOPISTA DUARTE (ASOCHOGIRANUEVE),18/7/2025
C-34,SANTO DOMINGO,CARRO,Urbano,35,5:30 a.m. a 10:30 p.m.,7,109,N/A,N/A,"COMPAÑIA DE CHOFERES GREGORIO LUPERÓN,GRELUPEN (GRELUPEN)",18/7/2025
C-35,SANTO DOMINGO,CARRO,Urbano,40,5:30 a.m. a 10:30 p.m.,7,464,N/A,N/A,ASOCIACIÓN DE CHOFERES DEL TRANSPORTE DE PASAJEROS DEL KM. 12 DE HERRERA (ASOCHOTRANSPKM12H),18/7/2025
C-36 A2,SANTO DOMINGO,CARRO,Urbano,35,5:30 a.m. a 10:30 p.m.,7,69,N/A,N/A,SINDICATO DE CHOFERES Y COBRADORES TRANSPORTE GUARICANOS  (SICHOCOTRAGU),18/7/2025
C-38,SANTO DOMINGO,CARRO,Urbano,35,5:30 a.m. a 10:30 p.m.,7,111,N/A,N/A,"SERVICIOS DE TRANSPORTE PRIMERA,SRL (SETRAPI)",18/7/2025
C-39,SANTO DOMINGO,CARRO,Urbano,35,5:30 a.m. a 10:30 p.m.,7,80,N/A,N/A,"COMPAÑIA DE TRANSPORTE ASOCHOMINA,SRL (ASOCHOMINA)",18/7/2025
C-4,SANTO DOMINGO,CARRO,Urbano,35,5:30 a.m. a 10:30 p.m.,7,218,N/A,N/A,ASOCIACIÓN DE CHOFERES DE BUENOS AIRES-KM9 (ASOCHOBA),18/7/2025
C-40,SANTO DOMINGO,CARRO,Urbano,35,5:30 a.m. a 10:30 p.m.,7,57,N/A,N/A,SINDICATO DE CHOFERES DE PANTOJA-HONDONADA (SICHOPAHO),18/7/2025
C-41,SANTO DOMINGO,CARRO,Urbano,35,5:30 a.m. a 10:30 p.m.,7,50,N/A,N/A,"COMPAÑIA DE TRANSPORTE SICHOPUCRI, SRL (SICHOPUCRI)",18/7/2025
C-42,SANTO DOMINGO,CARRO,Urbano,35,5:30 a.m. a 10:30 p.m.,7,65,N/A,N/A,ASOCIACIÓN DE CHOFERES DE LOS RÍOS  (ASOCHORIOS),18/7/2025
C-43,SANTO DOMINGO,CARRO,Urbano,35,5:30 a.m. a 10:30 p.m.,7,107,N/A,N/A,SINDICATO DE CHOFERES OPERADORES DE RUTAS LOS SOCIETARIOS (SICHORUS),18/7/2025
C-44,SANTO DOMINGO,CARRO,Urbano,35,5:30 a.m. a 10:30 p.m.,7,53,N/A,N/A,SINDICATO DE CHOFERES DE TAXIS MARÍA MONTES (SICHOTAMM),18/7/2025
C-44 C,SANTO DOMINGO,CARRO,Urbano,40,5:30 a.m. a 10:30 p.m.,7,146,N/A,N/A,SINDICATO DE CHOFERES DE LOS TRES BRAZOS (SICHOBRAZO),18/7/2025
C-45,SANTO DOMINGO,CARRO,Urbano,35,5:30 a.m. a 10:30 p.m.,7,144,N/A,N/A,SINDICATO DE CHOFERES OVANDO-DISTRITO (SICHOVANDI),18/7/2025
C-46,SANTO DOMINGO,CARRO,Urbano,40,5:30 a.m. a 10:30 p.m.,7,237,N/A,N/A,SINDICATO DE CHOFERES DE LA LOPE DE VEGA-ABRAHAM LINCOLN (SICHOVELIN),18/7/2025
C-47,SANTO DOMINGO,CARRO,Urbano,35,5:30 a.m. a 10:30 p.m.,7,67,N/A,N/A,"SERVICIOS DE TRANSPORTE SERTRAVIME,SRL (SERTRAVIME, SRL)",18/7/2025
C-48,SANTO DOMINGO,CARRO,Urbano,35,5:30 a.m. a 10:30 p.m.,7,118,N/A,N/A,COMPAÑIA DE TRANSPORTE EL GALLO (),18/7/2025
C-49,SANTO DOMINGO,CARRO,Urbano,35,5:30 a.m. a 10:30 p.m.,7,351,N/A,N/A,"SERVICIO DE TRANSPORTE MULTIPLES DE SANTO DOMINGO NORTE, S.R.L.  (SETRAMUNORTE)",18/7/2025
C-5,SANTO DOMINGO,CARRO,Urbano,50,5:30 a.m. a 10:30 p.m.,7,370,N/A,N/A,"COMPAÑIA DE TRANSPORTE LA BOLIVAR-INDEPENDENCIA, COMTRABOIN,SRL (COMTRABOIN,SRL)",18/7/2025
C-50,SANTO DOMINGO,CARRO,Urbano,35,5:30 a.m. a 10:30 p.m.,7,141,N/A,N/A,SINDICATO DE CHOFERES UNIDOS DE SABANA LARGA-LOS MINA (SICHOUSAMINA),18/7/2025
C-53,SANTO DOMINGO,CARRO,Urbano,40,5:30 a.m. a 10:30 p.m.,7,181,N/A,N/A,"COMPAÑIA DE TRANSPORTE COMTRAPROCHOAL, S.R.L. (COMTRAPROCHOALR53, S.R.L.)",18/7/2025
C-53B,SANTO DOMINGO,CARRO,Urbano,40,5:30 a.m. a 10:30 p.m.,7,37,N/A,N/A,COMPAÑIA DE TRANSPORTE NOCTURNO LOS ALCARRIZOS (COMTRANOAL),18/7/2025
C-54,SANTO DOMINGO,CARRO,Urbano,35,5:30 a.m. a 10:30 p.m.,7,60,N/A,N/A,"COMPAÑIA DE TRANSPORTE LA ALMENDRA,SRL ()",18/7/2025
C-55,SANTO DOMINGO,CARRO,Urbano,35,5:30 a.m. a 10:30 p.m.,7,260,N/A,N/A,SINDICATO DE TRANSPORTE VILLA FARO Y MENDOZA (SITRAVIME),18/7/2025
C-57,SANTO DOMINGO,CARRO,Urbano,50,5:30 a.m. a 10:30 p.m.,7,55,N/A,N/A,"COMPAÑIA DE TRANSPORTE EXPRESO LA VICTORIA S.R.L.,CONTRAVIC (CONTRAVIC)",18/7/2025
C-58,SANTO DOMINGO,CARRO,Urbano,35,5:30 a.m. a 10:30 p.m.,7,89,N/A,N/A,V CENTENARIO (V CENTENARIO),18/7/2025
C-59,SANTO DOMINGO,CARRO,Urbano,35,5:30 a.m. a 10:30 p.m.,7,77,N/A,N/A,ASOCIACIÓN DE CHOFERES DE LA SAN VICENTE DE PAUL (AETRAPAS),18/7/2025
C-59 C,SANTO DOMINGO,CARRO,Urbano,35,5:30 a.m. a 10:30 p.m.,7,51,N/A,N/A,UNIÓN DE CHOFERES INDEPENDIENTES DE SABANA PERDIDA (UCHOINDSAP),18/7/2025
C-61,SANTO DOMINGO,CARRO,Urbano,35,5:30 a.m. a 10:30 p.m.,7,290,N/A,N/A,"COMPAÑIA DE TRANSPORTE ASOCHOPALMA, SRL (ASOCHOPALMA)",18/7/2025
C-62,SANTO DOMINGO,CARRO,Urbano,40,5:30 a.m. a 10:30 p.m.,7,40,N/A,N/A,"COMPAÑIA DE TRANSPORTE LEONIDAS VILLA LINDA, COTRALEOVILLALIN (COTRALEOVILLALIN)",18/7/2025
C-63,SANTO DOMINGO,CARRO,Urbano,35,5:30 a.m. a 10:30 p.m.,7,116,N/A,N/A,SINDICATO NACIONAL DE TRANSPORTE PÚBLICO (SINATRANSP),18/7/2025
C-64,SANTO DOMINGO,CARRO,Urbano,35,5:30 a.m. a 10:30 p.m.,7,111,N/A,N/A,ASOCIACIÓN DE CHOFERES DE CARROS ISABELITA FARALLONES RUTA F (ASOCHOCAIFA R-F),18/7/2025
C-65,SANTO DOMINGO,CARRO,Urbano,30,5:30 a.m. a 10:30 p.m.,7,126,N/A,N/A,"SERVICIO DE TRANSPORTE UNIDAD Y DESARROLLO,SETRAUDE,S.R.L. (SETRAUDE )",18/7/2025
C-66,SANTO DOMINGO,CARRO,Urbano,40,5:30 a.m. a 10:30 p.m.,7,76,N/A,N/A,ASOCIACIÓN DE CHOFERES DEL KILÓMETRO TRECE (ASOCHOTRECE),18/7/2025
C-67,SANTO DOMINGO,CARRO,Urbano,35,5:30 a.m. a 10:30 p.m.,7,137,N/A,N/A,ASOCIACIÓN DE CHOFERES DEL KILÓMETRO CERO (ASOCHOKM0),18/7/2025
C-68,SANTO DOMINGO,CARRO,Urbano,35,5:30 a.m. a 10:30 p.m.,7,93,N/A,N/A,SINDICATO DE CHOFERES DE LA VEINTE (SICHORVEN),18/7/2025
C-69,SANTO DOMINGO,CARRO,Urbano,35,5:30 a.m. a 10:30 p.m.,7,16,N/A,N/A,COMPAÑIA DE CHOFERES NOCTURNOS LOS RÍOS (COMCHONORIOS),18/7/2025
C-7,SANTO DOMINGO,CARRO,Urbano,40,5:30 a.m. a 10:30 p.m.,7,49,N/A,N/A,"ASOCIACIÓN DE CHOFERES DE LA OVANDO, VILLA MELLA Y LA VICTORIA (ASOCHOCAOVIC)",18/7/2025
C-70,SANTO DOMINGO,CARRO,Urbano,35,5:30 a.m. a 10:30 p.m.,7,249,N/A,N/A,FEDERACIÓN NACIONAL DE TRANSPORTISTAS AMIGOS DE PEÑA GÓMEZ (FENATRAPEGO),18/7/2025
C-71,SANTO DOMINGO,CARRO,Urbano,35,5:30 a.m. a 10:30 p.m.,7,90,N/A,N/A,MI EXPRESS RUTA 071 COMPAÑIA DE TRANSPORTE (MI EXPRESS),18/7/2025
C-72,SANTO DOMINGO,CARRO,Urbano,35,5:30 a.m. a 10:30 p.m.,7,115,N/A,N/A,SINDICATO DE CHOFERES DOMINICANOS EN LUCHA (SICHODOLU),18/7/2025
C-73 A,SANTO DOMINGO,CARRO,Urbano,35,5:30 a.m. a 10:30 p.m.,7,116,N/A,N/A,COMPAÑÍA DE TRANSPORTE VARGAS Y CATALINO (CONTRATUVARCA A),18/7/2025
C-73 B,SANTO DOMINGO,CARRO,Urbano,35,5:30 a.m. a 10:30 p.m.,7,138,N/A,N/A,COMPAÑÍA DE TRANSPORTE VARGAS Y CATALINO (CONTRATUVARCA B),18/7/2025
C-73 C,SANTO DOMINGO,CARRO,Urbano,35,5:30 a.m. a 10:30 p.m.,7,46,N/A,N/A,COMPAÑÍA DE TRANSPORTE VARGAS Y CATALINO (CONTRATUVARCA C),18/7/2025
C-74,SANTO DOMINGO,CARRO,Urbano,35,5:30 a.m. a 10:30 p.m.,7,39,N/A,N/A,"EMPRESA DE TRANSPORTE EL TAMARINDO, EMTRATAMAR (EMTRATAMAR)",18/7/2025
C-75,SANTO DOMINGO,CARRO,Urbano,35,5:30 a.m. a 10:30 p.m.,7,220,N/A,N/A,SINDICATO DE CHOFERES SOCIAL CRISTIANO DE VILLA FARO (SICHOSCVIFA),18/7/2025
C-76A,SANTO DOMINGO,CARRO,Urbano,35,5:30 a.m. a 10:30 p.m.,7,271,N/A,N/A,ASOCIACIÓN CHÓFERES SABANA PERDIDA Y ZONAS ALEDAÑAS (ASOCHOSPEZA),18/7/2025
C-77B,SANTO DOMINGO,CARRO,Urbano,35,5:30 a.m. a 10:30 p.m.,7,85,N/A,N/A,ASOCIACIÓN CHÓFERES SABANA PERDIDA Y ZONAS ALEDAÑAS (ASOCHOSPEZA),18/7/2025
C-80,SANTO DOMINGO,CARRO,Urbano,35,5:30 a.m. a 10:30 p.m.,7,20,N/A,N/A,COMPAÑIA DE TRANSPORTE (ASOCHOCIA S.R.L.) (ASOCHOCIA),18/7/2025
C-81,SANTO DOMINGO,CARRO,Urbano,35,5:30 a.m. a 10:30 p.m.,7,234,N/A,N/A,SINDICATO UNIDO DE CHOFERES DEL DISTRITO NACIONAL (SIUCHODISNA),18/7/2025
C-82,SANTO DOMINGO,CARRO,Urbano,35,5:30 a.m. a 10:30 p.m.,7,121,N/A,N/A,SINDICATO DE CHOFERES PEÑA BATLLE-TUNTI CÁCERES (SINCHOPEBATUCA),18/7/2025
C-83,SANTO DOMINGO,CARRO,Urbano,40,5:30 a.m. a 10:30 p.m.,7,41,N/A,N/A,SERVICIOS DE TRANSPORTE SERTRANSMELLA.SRL (SERTRANSMELLA),18/7/2025
C-84,SANTO DOMINGO,CARRO,Urbano,45,5:30 a.m. a 10:30 p.m.,7,66,N/A,N/A,"COMPAÑIA DE TRANSPORTE LIBRE, COMTRALI SRL (COMTRALI)",18/7/2025
C-85,SANTO DOMINGO,CARRO,Urbano,35,5:30 a.m. a 10:30 p.m.,7,85,N/A,N/A,COMPAÑIA DE TRANSPORTE URBANA KM.9-PUYA-ZOOLÓGICO SRL. (KM. 9-PUYA-ZOOLOGICO),18/7/2025
C-86,SANTO DOMINGO,CARRO,Urbano,35,5:30 a.m. a 10:30 p.m.,7,27,N/A,N/A,"SERVICIOS DE TRANSPORTE SERTRAMA,S.R.L. (SERTRAMA)",18/7/2025
C-87,SANTO DOMINGO,CARRO,Urbano,35,5:30 a.m. a 10:30 p.m.,7,120,N/A,N/A,SINDICATO DE CHOFERES DEL 27 DE FEBRERO DE CARROS (SICHOFEBCA),18/7/2025
C-89,SANTO DOMINGO,CARRO,Urbano,40,5:30 a.m. a 10:30 p.m.,7,121,N/A,N/A,"COMPAÑIA DE TRANSPORTE PANTOJA-KM 9 (COMTRAPARK,SRL) (COMTRAPARK, SRL)",18/7/2025
C-8C,SANTO DOMINGO,CARRO,Urbano,40,5:30 a.m. a 10:30 p.m.,7,207,N/A,N/A,SINDICATO DE CHOFERES DE CRISTO REY-FERIA (SICHOCRIFE),18/7/2025
C-92,SANTO DOMINGO,CARRO,Urbano,35,5:30 a.m. a 10:30 p.m.,7,70,N/A,N/A,"SERVICIO DE TRANSPORTE UNICHODI, S.R.L. (UNICHODI)",18/7/2025
C-93,SANTO DOMINGO,CARRO,Urbano,35,5:30 a.m. a 10:30 p.m.,7,110,N/A,N/A,"COMPAÑIA DE TRANSPORTE PEDRO LIVIO CEDEÑO- ARROYO HONDO, SRL (ASOCHOPELICEAH CORR. 93)",18/7/2025
C-95,SANTO DOMINGO,CARRO,Urbano,35,5:30 a.m. a 10:30 p.m.,7,314,N/A,N/A,ASOCIACIÓN DE DUEÑOS Y CHOFERES MERCADO NUEVO-DUARTE (ASODUCHOMENUDU),18/7/2025
C-96 C,SANTO DOMINGO,CARRO,Urbano,35,5:30 a.m. a 10:30 p.m.,7,91,N/A,N/A,ASOCIACIÓN DE PROPIETARIOS DE CARROS RIVERA DEL OZAMA (ASOPROCARO),18/7/2025
C-97,SANTO DOMINGO,CARRO,Urbano,35,5:30 a.m. a 10:30 p.m.,7,99,N/A,N/A,SINDICATO DE CHOFERES OVANDO-DISTRITO  (SICHOVANDI B),18/7/2025
C-98,SANTO DOMINGO,CARRO,Urbano,35,5:30 a.m. a 10:30 p.m.,7,7,N/A,N/A,"COMPAÑIA DE TURISMO Y EXPORTACION VARGAS Y CATALINO,SRL (COMTRATUVARCA 73-A)",18/7/2025
C-99 B,SANTO DOMINGO,CARRO,Urbano,35,5:30 a.m. a 10:30 p.m.,7,57,N/A,N/A,"COMPAÑIA DE TRANSPORTE COMTRASOLZA,SRL (COMTRASOLZA)",18/7/2025
M-22-28,SANTO DOMINGO,CARRO,Urbano,60,5:30 a.m. a 10:30 p.m.,7,30,N/A,N/A,COMPAÑÍA DE TRANSPORTE PEDRO BRAND SANTO DOMINGO (CONTRAPEBRASAN),18/7/2025
M-5C (Inactiva),SANTO DOMINGO,CARRO,Urbano,35,5:30 a.m. a 10:30 p.m.,7,13,N/A,N/A,ASOTRADUFI R-5C (ASOTRADUFI),18/7/2025
N/A,SANTO DOMINGO,CARRO,Urbano,75,4:30 a.m. a 9:00 p.m.,7,71,N/A,N/A,"COMPAÑIA DE TRANSPORTE HACIENDA ESTRELLA,SRL (COTRAHE)",18/7/2025
N/A,SANTO DOMINGO,CARRO,Urbano,35,5:00 a.m. a 10:00 p.m.,7,24,N/A,N/A,SINDICATO DE CHOFERES DEL PROYECTO HARAS NICOLAS DE OVANDO (SICHOPROVIMO),18/7/2025
N/A,SANTO DOMINGO,CARRO,Urbano,35,6:00 a.m. a 10:00 p.m.,7,35,N/A,N/A,COMPAÑIA DE TRANSPORTE TRANSPAGUE. SRL (TRANSPAGUE),18/7/2025
N/A,SANTO DOMINGO,CARRO,Urbano,35,5:30 a.m. a 10:00 p.m.,7,16,N/A,N/A,ASOCIACION DE CHOFERES VILLA MELLA (ASOCHOVIM),18/7/2025
N/A,SANTO DOMINGO,CARRO,Urbano,35,6:00 a.m. a 9:00 p.m.,7,37,N/A,N/A,ASOCIACION DE CHOFERES INDEPENDIENTES DE LA CALETA (ASOCHOINCA),18/7/2025
SICHOBOCHZA,SANTO DOMINGO,CARRO,Interurbano,50,06:00AM / 10:00PM,7,55,BOCA CHICA,BATEY GUOTIER,MOCHOTRAN,18/7/2025
M-100A,SANTO DOMINGO,MICROBUS,Urbano,50,5:30 a.m. a 10:30 p.m.,7,62,N/A,N/A,EXPRESO RUTA 100 (EXPRESO RUTA 100),18/7/2025
M-12,SANTO DOMINGO,MICROBUS,Urbano,40,5:30 a.m. a 10:30 p.m.,7,51,N/A,N/A,SINDICATO DE CHÓFERES ZONA FRANCA SAN ISIDRO (SITRAZOFRANSI),18/7/2025
M-14,SANTO DOMINGO,MICROBUS,Urbano,40,5:30 a.m. a 10:30 p.m.,7,29,N/A,N/A,SINDICATO DE CHOFERES DE LA COMUNIDAD GUACHUPITERA (SICHOCOGUA),18/7/2025
M-16B,SANTO DOMINGO,MICROBUS,Urbano,40,5:30 a.m. a 10:30 p.m.,7,20,N/A,N/A,ASOCIACIÓN DE CHOFERES PROPIETARIOS Y COBRADORES VILLA FARO MENDOZA (ASOCHOCOPROVIM),18/7/2025
M-17A,SANTO DOMINGO,MICROBUS,Urbano,40,5:30 a.m. a 10:30 p.m.,7,67,N/A,N/A,SINDICATO DE CHOFERES DE LA 27 DE FEBRERO (SICHOFEB),18/7/2025
M-17C,SANTO DOMINGO,MICROBUS,Urbano,40,5:30 a.m. a 10:30 p.m.,7,30,N/A,N/A,SINDICATO DE CHOFERES DE LA 27 DE FEBRERO (SICHOFEB),18/7/2025
M-19A,SANTO DOMINGO,MICROBUS,Urbano,35,5:30 a.m. a 10:30 p.m.,7,39,N/A,N/A,SINDICATO DE CHOFERES DE TRANSPORTE DE CRISTO REY (TRANSCRIREY),18/7/2025
M-19B,SANTO DOMINGO,MICROBUS,Urbano,35,5:30 a.m. a 10:30 p.m.,7,42,N/A,N/A,SINDICATO DE CHOFERES DE TRANSPORTE DE CRISTO REY (TRANSCRIREY),18/7/2025
M-21,SANTO DOMINGO,MICROBUS,Urbano,40,5:30 a.m. a 10:30 p.m.,7,11,N/A,N/A,ASOCIACIÓN DE PROPIETARIO DE AUTOBUSES DE LA RUTA 21 (SICHOET),18/7/2025
M-25A,SANTO DOMINGO,MICROBUS,Urbano,35,5:30 a.m. a 10:30 p.m.,7,16,N/A,N/A,SINDICATO CHOFERES DE MINIBUSES DE LA AV. 25 DE FEBRERO (25 DE FEBRERO 025A),18/7/2025
M-25B,SANTO DOMINGO,MICROBUS,Urbano,35,5:30 a.m. a 10:30 p.m.,7,18,N/A,N/A,SINDICATO CHOFERES DE MINIBUSES DE LA AV. 25 DE FEBRERO (25 DE FEBRERO 025B),18/7/2025
M-25C,SANTO DOMINGO,MICROBUS,Urbano,35,5:30 a.m. a 10:30 p.m.,7,8,N/A,N/A,SINDICATO CHOFERES DE MINIBUSES DE LA AV. 25 DE FEBRERO (25 DE FEBRERO 025C),18/7/2025
M-26,SANTO DOMINGO,MICROBUS,Urbano,40,5:30 a.m. a 10:30 p.m.,7,59,N/A,N/A,"COMPAÑÍA DE TRANSPORTE Y SERVICIOS PALMAREJO VILLA LINDA, S.R.L.  (COMTRASEPALVIL)",18/7/2025
M-28,SANTO DOMINGO,MICROBUS,Urbano,50,5:30 a.m. a 10:30 p.m.,7,44,N/A,N/A,"ASOPROCHOVIMG,SRL (APROCHOVIMG)",18/7/2025
M-29,SANTO DOMINGO,MICROBUS,Urbano,35,5:30 a.m. a 10:30 p.m.,7,59,N/A,N/A,COMPAÑÍA DE TRANSPORTE NICOLÁS DE OVANDO (SITRANIDO),18/7/2025
M-30,SANTO DOMINGO,MICROBUS,Urbano,35,5:30 a.m. a 10:30 p.m.,7,54,N/A,N/A,COMPAÑÍA DE TRANSPORTE SAN LORENZO DE CRISTO REY S.R.L (SICHOSALOCRY),18/7/2025
M-32,SANTO DOMINGO,MICROBUS,Urbano,45,5:30 a.m. a 10:30 p.m.,7,67,N/A,N/A,COMPAÑIA DE TRANSPORTE PUBLICO DE PROPIETARIOS Y CHOFERES AMAURY (RUTA 32),18/7/2025
M-33,SANTO DOMINGO,MICROBUS,Urbano,40,5:30 a.m. a 10:30 p.m.,7,12,N/A,N/A,SINDICATO ORGANIZADO DE CHOFERES DE LA ISABELA (SICODI),18/7/2025
M-34,SANTO DOMINGO,MICROBUS,Urbano,100,5:30 a.m. a 10:30 p.m.,7,64,N/A,N/A,SINDICATO DE TRANSPORTE LA CUABA HATO VIEJO SANTO DOMINGO (SINACHOCUB),18/7/2025
M-36A,SANTO DOMINGO,MICROBUS,Urbano,35,5:30 a.m. a 10:30 p.m.,7,58,N/A,N/A,COOPERATIVA TRANSPORTE SERVICIOS MÚLTIPLE LOS GUARICANOS (SICHOCOTRAGU),18/7/2025
M-38,SANTO DOMINGO,MICROBUS,Urbano,40,5:30 a.m. a 10:30 p.m.,7,95,N/A,N/A,"RUTA 38 BRISAS DEL ESTE, TRANSPORTE DE SERVICIOS MÚLTIPLES (RUTA 38)",18/7/2025
M-39,SANTO DOMINGO,MICROBUS,Urbano,40,5:30 a.m. a 10:30 p.m.,7,36,N/A,N/A,ASOCIACIÓN DE PROPIETARIOS DE GUAGUA DE CANCINO ADENTRO (ASOPROGUACADE),18/7/2025
M-40A,SANTO DOMINGO,MICROBUS,Urbano,40,5:30 a.m. a 10:30 p.m.,7,13,N/A,N/A,SINDICATO DE CHOFERES Y COBRADORES DE LOS MINA (SICHOCOLOSMINA),18/7/2025
M-40E,SANTO DOMINGO,MICROBUS,Urbano,40,5:30 a.m. a 10:30 p.m.,7,25,N/A,N/A,SINDICATO DE CHOFERES Y COBRADORES DE LOS MINA (SICHOCOLOSMINA),18/7/2025
M-45,SANTO DOMINGO,MICROBUS,Urbano,40,5:30 a.m. a 10:30 p.m.,7,44,N/A,N/A,TRANSPORTE DE JESUS CRUZ (DE JESUS CRUZ),18/7/2025
M-50,SANTO DOMINGO,MICROBUS,Urbano,40,5:30 a.m. a 10:30 p.m.,7,62,N/A,N/A,UNIÓN DE TRANSPORTISTAS DEL DISTRITO NACIONAL (UNITRAPODINA),18/7/2025
M-51A,SANTO DOMINGO,MICROBUS,Urbano,50,5:30 a.m. a 10:30 p.m.,7,54,N/A,N/A,SINDICATO DE CHOFERES SOCIAL CRISTIANO (SICHOSOCRIS),18/7/2025
M-52B,SANTO DOMINGO,MICROBUS,Urbano,50,5:30 a.m. a 10:30 p.m.,7,43,N/A,N/A,SINDICATO DE CHOFERES SOCIAL CRISTIANO (SICHOSOCRIS),18/7/2025
M-52C,SANTO DOMINGO,MICROBUS,Urbano,50,5:30 a.m. a 10:30 p.m.,7,38,N/A,N/A,SINDICATO DE CHOFERES SOCIAL CRISTIANO (SICHOSOCRIS),18/7/2025
M-53,SANTO DOMINGO,MICROBUS,Urbano,40,5:30 a.m. a 10:30 p.m.,7,52,N/A,N/A,TRANSPORTE MARRERO S.A. (MARRERO),18/7/2025
M-54,SANTO DOMINGO,MICROBUS,Urbano,40,5:30 a.m. a 10:30 p.m.,7,22,N/A,N/A,RUTA 54 (RUTA 54),18/7/2025
M-56,SANTO DOMINGO,MICROBUS,Urbano,100,5:30 a.m. a 10:30 p.m.,7,25,N/A,N/A,"COMPAÑIA DE TRANSPORTE LAS AMERICAS, SIUCHOLA SRL (SIUCHOLA)",18/7/2025
M-5A,SANTO DOMINGO,MICROBUS,Urbano,40,5:30 a.m. a 10:30 p.m.,7,107,N/A,N/A,COOPERATIVA DE TRANSPORTE Y SERVICIOS MÚLTIPLES INDEPENDENCIA (COOTRASMIND),18/7/2025
M-63,SANTO DOMINGO,MICROBUS,Urbano,45,5:30 a.m. a 10:30 p.m.,7,20,N/A,N/A,"COMPAÑIA DE TRANSPORTE LOM ,S.R.L. (TRANSPORTE LOM)",18/7/2025
M-64,SANTO DOMINGO,MICROBUS,Urbano,40,5:30 a.m. a 10:30 p.m.,7,29,N/A,N/A,TRANSPORTE A. CRUZ & ASOCIADOS (RUTA 64),18/7/2025
M-6A,SANTO DOMINGO,MICROBUS,Urbano,35,5:30 a.m. a 10:30 p.m.,7,56,N/A,N/A,UNIÓN DE PROPIETARIOS Y CHOFERES LOS GUARICANOS (UPCG),18/7/2025
M-9-12,SANTO DOMINGO,MICROBUS,Urbano,40,5:30 a.m. a 10:30 p.m.,7,62,N/A,N/A,ASOCIACIÓN DE PROPIETARIOS DE MINIBUSES DE HERRERA (ASOPROMIHE),18/7/2025
M-90,SANTO DOMINGO,MICROBUS,Urbano,40,5:30 a.m. a 10:30 p.m.,7,38,N/A,N/A,"SITRANSPALCHAVI M-90,SRL (SITRANSPALCHAVI)",18/7/2025
M-94,SANTO DOMINGO,MICROBUS,Urbano,40,5:30 a.m. a 10:30 p.m.,7,54,N/A,N/A,"EMPRESAS DE MINIBUSES DE LA JACOBO MAJLUTA-KM.13, ASOPROMIJA,SRL (ASOPROMIJA)",18/7/2025
N/A,SANTO DOMINGO,MICROBUS,Urbano,35,6:00 a.m.a 6:00 p.m.,7,22,N/A,N/A,SINDICATO DE CHOFERES JUAN TOMAS- VILLA MELLA (SICHOVIJOTA),18/7/2025
N/A,SANTO DOMINGO,MICROBUS,Urbano,35,6:00 a.m. a 9:00 p.m.,7,55,N/A,N/A,COMPAÑIA DE TRANSPORTE URBANO DEL MUNICIPIO DE BOCA CHICA COTRAUMUBOCH.S.R.L. (COTRAUMUBOCH A),18/7/2025
N/A,SANTO DOMINGO,MICROBUS,Urbano,35,6:00 a.m. a 9:00 p.m.,7,58,N/A,N/A,COMPAÑIA DE TRANSPORTE URBANO DEL MUNICIPIO DE BOCA CHICA COTRAUMUBOCH.S.R.L. (COTRAUMUBOCH B),18/7/2025
N/A,SANTO DOMINGO,MICROBUS,Urbano,35,6:00 a.m. a 7:00 p.m.,7,20,N/A,N/A,COMPAÑIA DE TRANSPORTE ASOPROCAME S.R.L. (ASOPROCAME),18/7/2025
SICHOBOCHZA,SANTO DOMINGO,MICROBUS,Interurbano,100,06:00AM / 10:00PM,7,41,BOCA CHICA,BATEY VICTORINA,MOCHOTRAN,18/7/2025
ADUCHOTORO,SANTO DOMINGO,MINIBUS,Interurbano,75,06:00AM / 10:00PM,7,20,EL TORO-CRUCE DE BOCA CHICA,SANTO DOMINGO,FENATRANO,18/7/2025
ASOCHOMBCA,SANTO DOMINGO,MINIBUS,Interurbano,100,05:30AM / 10:00PM,7,66,BOCA CHICA,SANTO DOMINGO,UNET,18/7/2025
ASOPROGCHOCO,DISTRITO NACIONAL,MINIBUS,Interurbano,500,06:00AM / 06:00PM,7,33,DISTRITO NACIONAL,ELIAS PIÑA,FENATRANO,18/7/2025
ASOTOURSD,DISTRITO NACIONAL,MINIBUS,Interurbano,700,N/A,7,3,DISTRITO NACIONAL,JIMANI (FRONTERA CON HAITI),NO AFILIADO-S,18/7/2025
"LINEA DE TRANSPORTE JAPONES
LINEA CIBAO
SR. RAMON E. QUEZADA",DISTRITO NACIONAL,MINIBUS,Interurbano,450,05:00AM / 05:00PM,7,3,DISTRITO NACIONAL,CONSTANZA,NO AFILIADO-S,18/7/2025
"LINEA DE TRANSPORTE JAPONES
LINEA CIBAO
SR. RAMON E. QUEZADA",DISTRITO NACIONAL,MINIBUS,Interurbano,500,N/A,7,1,DISTRITO NACIONAL,RIO SAN JUAN,NO AFILIADO-S,18/7/2025
"LINEA DE TRANSPORTE JAPONES
LINEA CIBAO
SR. RAMON E. QUEZADA",DISTRITO NACIONAL,MINIBUS,Interurbano,350,04:30am / 12:30pm,7,2,DISTRITO NACIONAL,GASPAR HERNANDEZ,NO AFILIADO-S,18/7/2025
"LINEA DE TRANSPORTE JAPONES
LINEA CIBAO
SR. RAMON E. QUEZADA",DISTRITO NACIONAL,MINIBUS,Interurbano,500,07:00AM / 08:00PM,7,2,DISTRITO NACIONAL,SAN JOSE DE LAS MATAS,NO AFILIADO-S,18/7/2025
"LINEA DE TRANSPORTE JAPONES 
LINEA CIBAO
SR. EVARISTO ANTONIO VENTURA",DISTRITO NACIONAL,MINIBUS,Interurbano,300,N/A,7,1,DISTRITO NACIONAL,MOCA,NO AFILIADO-S,18/7/2025
"LINEA GLADYS 
MANUEL TAVAREZ SANTOS",DISTRITO NACIONAL,MINIBUS,Interurbano,0,INACTIVA,7,3,DISTRITO NACIONAL,TENARES,CONATRA,18/7/2025
"LINEA GLADYS 
SR. FELIPE ANTONIO MONEGRA",DISTRITO NACIONAL,MINIBUS,Interurbano,300,N/A,7,1,DISTRITO NACIONAL,MOCA,NO AFILIADO-S,18/7/2025
"LINEA GLADYS 
SR. JOSE A. SEVERINO N.",DISTRITO NACIONAL,MINIBUS,Interurbano,0,INACTIVA,7,1,DISTRITO NACIONAL,VILLA VASQUEZ,CONATRA,18/7/2025
M-1,SANTO DOMINGO,MINIBUS,Urbano,45,5:30 a.m. a 10:30 p.m.,7,115,N/A,N/A,SINDICATO DE TRANSPORTE URBANO (SITRAUR),18/7/2025
M-100B,SANTO DOMINGO,MINIBUS,Urbano,50,5:30 a.m. a 10:30 p.m.,7,70,N/A,N/A,EXPRESO RUTA 100 (EXPRESO RUTA 100),18/7/2025
M-101A,SANTO DOMINGO,MINIBUS,Urbano,40,5:30 a.m. a 10:30 p.m.,7,8,N/A,N/A,ASOCIÓN DE TRANSPORTISTAS DE PASAJEROS (ASOTRAPA),18/7/2025
M-101B,SANTO DOMINGO,MINIBUS,Urbano,40,5:30 a.m. a 10:30 p.m.,7,27,N/A,N/A,ASOCIÓN DE TRANSPORTISTAS DE PASAJEROS (ASOTRAPA),18/7/2025
M-101C,SANTO DOMINGO,MINIBUS,Urbano,45,5:30 a.m. a 10:30 p.m.,7,122,N/A,N/A,ASOCIÓN DE TRANSPORTISTAS DE PASAJEROS (ASOTRAPA),18/7/2025
M-101D,SANTO DOMINGO,MINIBUS,Urbano,40,5:30 a.m. a 10:30 p.m.,7,5,N/A,N/A,ASOCIÓN DE TRANSPORTISTAS DE PASAJEROS (ASOTRAPA),18/7/2025
M-102,SANTO DOMINGO,MINIBUS,Urbano,40,5:30 a.m. a 10:30 p.m.,7,33,N/A,N/A,ASOCIACIÓN DE CHOFERES DE SAN LUIS (ASOCHOSAL),18/7/2025
M-103,SANTO DOMINGO,MINIBUS,Urbano,45,5:30 a.m. a 10:30 p.m.,7,18,N/A,N/A,"SICHOMIL 103 LA VICTORIA, S.R.L. (RUTA 103)",18/7/2025
M-104,SANTO DOMINGO,MINIBUS,Urbano,100,5:30 a.m. a 10:30 p.m.,7,13,N/A,N/A,ASOCIACIÓN DE CHOFERES DUEÑOS DE CARROS Y MINIBUSES INC (ASOCHOCAMPOLINDO),18/7/2025
M-10B,SANTO DOMINGO,MINIBUS,Urbano,40,5:30 a.m. a 10:30 p.m.,7,24,N/A,N/A,"COMPAÑIA DE TRANSPORTE VICTOR HUGO,SRL ()",18/7/2025
M-13,SANTO DOMINGO,MINIBUS,Urbano,45,5:30 a.m. a 10:30 p.m.,7,59,N/A,N/A,"PEREZ SANCHEZ & ASOCIADOS, SERVICIOS DE TRANSPORTES Y AFINES, SRL ()",18/7/2025
M-15,SANTO DOMINGO,MINIBUS,Urbano,40,5:30 a.m. a 10:30 p.m.,7,34,N/A,N/A,"SERVICIO DE TRANSPORTE NUEVO RENACER, SRL ()",18/7/2025
M-16C,SANTO DOMINGO,MINIBUS,Urbano,45,5:30 a.m. a 10:30 p.m.,7,31,N/A,N/A,RUTA 16C (16C),18/7/2025
M-23,SANTO DOMINGO,MINIBUS,Urbano,45,5:30 a.m. a 10:30 p.m.,7,50,N/A,N/A,TRANSPORTE EXPRESO ALCARRIZOS 23 (TRANSALCA),18/7/2025
M-24-2 (Inactiva),SANTO DOMINGO,MINIBUS,Urbano,,5:30 a.m. a 10:30 p.m.,7,69,N/A,N/A,SINDICATO DE CHOFERES DE VEHÍCULOS PÚBLICOS (SICHOVEPO),18/7/2025
M-27,SANTO DOMINGO,MINIBUS,Urbano,40,5:30 a.m. a 10:30 p.m.,7,30,N/A,N/A,"COMPAÑIA DE TRANSPORTE ASOPROCAESA,SRL (ASOPROCAESA)",18/7/2025
M-27A,SANTO DOMINGO,MINIBUS,Urbano,45,5:30 a.m. a 10:30 p.m.,7,25,N/A,N/A,ASOCIACIÓN DE CHOFERES DE LOS ALCARRIZOS (ASOCHODELA),18/7/2025
M-27B,SANTO DOMINGO,MINIBUS,Urbano,45,5:30 a.m. a 10:30 p.m.,7,56,N/A,N/A,SINDICATO DE CHOFERES Y COBRADORES DE LOS ALCARRIZOS (SICHOCODELA),18/7/2025
M-2E,SANTO DOMINGO,MINIBUS,Urbano,45,5:30 a.m. a 10:30 p.m.,7,67,N/A,N/A,ASOCIACIÓN DE CHOFERES DE VILLA MELLA (ASOCHOVIM 002E(RM)),18/7/2025
M-36B,SANTO DOMINGO,MINIBUS,Urbano,40,5:30 a.m. a 10:30 p.m.,7,31,N/A,N/A,COOPERATIVA TRANSPORTE SERVICIOS MÚLTIPLES LOS GUARICANOS (SICHOCOTRAGU),18/7/2025
M-4,SANTO DOMINGO,MINIBUS,Urbano,35,5:30 a.m. a 10:30 p.m.,7,10,N/A,N/A,CORREDOR RUTA-4 (CORREDOR RUTA-4),18/7/2025
M-40B,SANTO DOMINGO,MINIBUS,Urbano,40,5:30 a.m. a 10:30 p.m.,7,71,N/A,N/A,SINDICATO DE CHOFERES Y COBRADORES DE LOS MINA (SICHOCOLOSMINA),18/7/2025
M-41A,SANTO DOMINGO,MINIBUS,Urbano,40,5:30 a.m. a 10:30 p.m.,7,19,N/A,N/A,"COOPERATIVA DE AHORRO, CRÉDITO, SERVICIOS MÚLTIPLES TRANSPORTE (COOPMIBARRIO)",18/7/2025
M-44,SANTO DOMINGO,MINIBUS,Urbano,40,5:30 a.m. a 10:30 p.m.,7,19,N/A,N/A,SINDICATO DE CHOFERES DE LOS TRES BRAZOS (SICHOBRAZO),18/7/2025
M-47,SANTO DOMINGO,MINIBUS,Urbano,40,5:30 a.m. a 10:30 p.m.,7,25,N/A,N/A,SINDICATO DE CHOFERES Y COBRADORES DE BUENOS AIRES (SICHOCOBA),18/7/2025
M-52,SANTO DOMINGO,MINIBUS,Urbano,40,5:30 a.m. a 10:30 p.m.,7,33,N/A,N/A,SINDICATO DE CHOFERES DE MINIBUSES LOS RÍOS MERCADO NUEVO Y ZONA ALEDAÑAS (SINCHOMIRIM),18/7/2025
M-59A,SANTO DOMINGO,MINIBUS,Urbano,40,5:30 a.m. a 10:30 p.m.,7,6,N/A,N/A,UNIÓN DE CHOFERES INDEPENDIENTES DE SABANA PERDIDA (UCHOINDSAP),18/7/2025
M-59B,SANTO DOMINGO,MINIBUS,Urbano,40,5:30 a.m. a 10:30 p.m.,7,27,N/A,N/A,UNIÓN DE CHOFERES INDEPENDIENTES DE SABANA PERDIDA (UCHOINDSAP),18/7/2025
M-5B,SANTO DOMINGO,MINIBUS,Urbano,40,5:30 a.m. a 10:30 p.m.,7,28,N/A,N/A,UNIÓN DE CHOFERES DE LOS MAMEYES (UNICHOMEYES),18/7/2025
M-66A,SANTO DOMINGO,MINIBUS,Urbano,45,5:30 a.m. a 10:30 p.m.,7,19,N/A,N/A,TRANSPORTE DE PASAJEROS DE QUITA SUEÑO CXA (QUITA SUEÑO 066A),18/7/2025
M-66B,SANTO DOMINGO,MINIBUS,Urbano,45,5:30 a.m. a 10:30 p.m.,7,17,N/A,N/A,TRANSPORTE DE PASAJEROS DE QUITA SUEÑO CXA (QUITA SUEÑO 066B),18/7/2025
M-66C,SANTO DOMINGO,MINIBUS,Urbano,45,5:30 a.m. a 10:30 p.m.,7,16,N/A,N/A,TRANSPORTE DE PASAJEROS DE QUITA SUEÑO CXA (QUITA SUEÑO 066C),18/7/2025
M-66D,SANTO DOMINGO,MINIBUS,Urbano,45,5:30 a.m. a 10:30 p.m.,7,16,N/A,N/A,TRANSPORTE DE PASAJEROS DE QUITA SUEÑO CXA (QUITA SUEÑO 066D),18/7/2025
M-6B,SANTO DOMINGO,MINIBUS,Urbano,35,5:30 a.m. a 10:30 p.m.,7,36,N/A,N/A,UNIÓN DE PROPIETARIOS Y CHOFERES LOS GUARICANOS (UPCG.),18/7/2025
M-7,SANTO DOMINGO,MINIBUS,Urbano,40,5:30 a.m. a 10:30 p.m.,7,35,N/A,N/A,ASOCIACIÓN DE PROPIETARIOS DE MINIBUSES KM. 9-UASD (ASOPROMIUASD),18/7/2025
M-8A,SANTO DOMINGO,MINIBUS,Urbano,40,5:30 a.m. a 10:30 p.m.,7,29,N/A,N/A,SINDICATO DE CHOFERES DE CRISTO REY (SICHOCRIFE),18/7/2025
M-96A,SANTO DOMINGO,MINIBUS,Urbano,40,5:30 a.m. a 10:30 p.m.,7,5,N/A,N/A,"COMPAÑIA DE TRANSPORTE COMTRASTAR,SRL (COMTRASTAR)",18/7/2025
M-96B,SANTO DOMINGO,MINIBUS,Urbano,40,5:30 a.m. a 10:30 p.m.,7,11,N/A,N/A,ASOCIACIÓN DE CHOFERES PROPIETARIOS DE MINIBUSES RIVERAS DEL OZAMA (ASOPROMIRO),18/7/2025
M-98,SANTO DOMINGO,MINIBUS,Urbano,100,5:30 a.m. a 10:30 p.m.,7,20,N/A,N/A,ASOCIACIÓN DE CHOFERES DUEÑOS DE CARROS Y MINIBUSES INC. (ASOCHOCAMPOLINDO),18/7/2025
M-99,SANTO DOMINGO,MINIBUS,Urbano,40,5:30 a.m. a 10:30 p.m.,7,26,N/A,N/A,SINDICATO DE CHOFERES Y COBRADORES DEL ALMIRANTE (SICHOCOAL),18/7/2025
MARIA MAGDALENA SIME BAEZ,DISTRITO NACIONAL,MINIBUS,Interurbano,500,05:00AM / 01:00PM,7,2,DISTRITO NACIONAL,GASPAR HERNANDEZ,NO AFILIADO-S,18/7/2025
N/A,SANTO DOMINGO,MINIBUS,Urbano,50,5:00 a.m. a 7:00 p.m.,7,24,N/A,N/A,FREEWI COMPAÑIA DE PROPIETARIOS DE TRANSPORTE DE PASAJEROS(COMPROTRANUNION (COMPROTRANUNION),18/7/2025
SICHOBOCHZA,SANTO DOMINGO,MINIBUS,Interurbano,100,06:00AM / 10:00PM,7,8,BOCA CHICA,LOS LLANOS,MOCHOTRAN,18/7/2025
SICHOG,SANTO DOMINGO,MINIBUS,Interurbano,75,05:30AM / 10:00PM,7,55,SANTO DOMINGO,GUERRA,FENATRANO,18/7/2025
SICHOPROBOCH S.R.L.,SANTO DOMINGO,MINIBUS,Interurbano,100,05:30AM / 10:00PM,7,66,BOCA CHICA,SANTO DOMINGO,UNET,18/7/2025
TRANSPORTE BEJARAN,DISTRITO NACIONAL,MINIBUS,Interurbano,400,N/A,7,1,DISTRITO NACIONAL,ESPERANZA,NO AFILIADO-S,18/7/2025
UNAPRODUMI,DISTRITO NACIONAL,MINIBUS,Interurbano,300,06:00AM / 06:00PM,7,12,DISTRITO NACIONAL,MOCA,CONATRA,18/7/2025
UNAPRODUMI,DISTRITO NACIONAL,MINIBUS,Interurbano,400,06:00AM / 06:00PM,7,8,DISTRITO NACIONAL,NAGUA,CONATRA,18/7/2025
UNAPRODUMI,DISTRITO NACIONAL,MINIBUS,Interurbano,400,N/A,7,12,DISTRITO NACIONAL,NAGUA (AUTOVIA),CONATRA,18/7/2025
UNAPRODUMI,DISTRITO NACIONAL,MINIBUS,Interurbano,300,05:00AM / 08:00PM,7,13,DISTRITO NACIONAL,COTUI,CONATRA,18/7/2025
UNAPRODUMI,DISTRITO NACIONAL,MINIBUS,Interurbano,300,06:30AM / 07:00PM,7,19,DISTRITO NACIONAL,SAN FRANCISCO DE MACORIS,CONATRA,18/7/2025
UNAPRODUMI,DISTRITO NACIONAL,MINIBUS,Interurbano,300,N/A,7,9,DISTRITO NACIONAL,SALCEDO,CONATRA,18/7/2025
